title,description,category,provider_name,provider_phone,provider_email,address,price,location_city,location_state,latitude,longitude,room_type,occupancy_limit,gender_preference,food_included,is_furnished,amenities,availability,rating,review_count,is_active,created_by,created_at,updated_at
Career certain chance kitchen stay.,Write from amount. Congress name indeed share ok. Less discover we full agreement husband.,tiffin,Brianna Munoz,6334599372,jefferyhanson@schmitt-gonzales.net,"0903 Kathleen Walk, East Susanton, GA 65119",5027.62,Surat,Gujarat,10.484321,78.271763,double,3,any,False,False,"meals,fridge,attached_bathroom",True,4.3,15,True,2,2025-01-21 16:57:21,2025-04-22 22:03:55
Everybody today professional future.,Force key ever rule nor. Create be among every parent if. Drop sing two model.,tiffin,Henry Hart,2016421055,michaelthomas@salinas.com,"41511 Jessica Forges Suite 930, Patriciaport, WY 95521",9140.79,Mumbai,Maharashtra,11.240248,72.919775,dorm,4,any,True,False,"geyser,parking",False,4.4,151,True,4,2025-01-21 01:57:52,2025-01-17 14:32:37
Wonder opportunity task.,Include sign most serve situation face least role. Television recent toward.,mess,Dustin Edwards,8030811742,barbarasmith@gmail.com,"818 King Grove, Kristinfurt, TX 53559",4732.38,Chennai,Tamil Nadu,14.318249,70.362021,triple,2,female,False,True,"geyser,cctv,attached_bathroom,fridge,water,tv",False,4.9,81,True,2,2025-02-06 08:10:14,2025-07-24 10:22:35
Raise war series.,Such pay real nation standard land. Trade like college person alone walk.,tiffin,Alan Garza,9570420082,odonnellsarah@yahoo.com,"92950 Dylan Crescent, Sotomouth, WV 63752",5957.8,Hyderabad,Telangana,28.386913,68.00484,double,2,female,True,False,"laundry,power_backup,study_table",True,2.4,107,True,5,2025-03-09 13:28:15,2025-02-20 15:27:06
Difference event tree.,Save can enjoy usually budget. Question article life pressure character back.,hostel,Sarah Davenport,7171218788,monicabrown@robinson.com,"4354 Compton Stream, Bethburgh, NJ 12810",3112.59,Bangalore,Karnataka,11.817892,92.518256,triple,3,male,False,True,"security,meals,cctv,power_backup,tv",True,1.3,70,True,1,2025-06-18 18:49:35,2025-03-24 23:50:11
Over movie smile eye.,Weight tree drug brother move pattern.,pg,Ryan Russell,3065108702,heatherwallace@gmail.com,"407 Deborah Way Suite 965, Harveyshire, IA 52577",12309.73,Jaipur,Rajasthan,28.381851,81.564922,double,3,male,True,False,"attached_bathroom,geyser,ac,meals",True,1.0,131,True,2,2025-01-08 14:52:01,2025-01-29 16:17:50
With company play simple.,Might put authority kid week. Tv plan bill no though including.,tutor,Michelle Dodson,1641474255,bphillips@gmail.com,"4769 Hammond Heights, Elijahmouth, AL 30446",12214.71,Delhi,Delhi,16.049413,84.963702,dorm,2,female,True,True,"wardrobe,power_backup,tv",True,2.1,34,True,5,2025-02-17 23:27:42,2025-04-02 16:29:38
Station his sport leader grow.,Cover recently consider she impact cut. Short central every step. Nature affect such across.,mess,Lisa Lyons,0484092064,alexander26@gmail.com,"6796 Bryce Ferry, West Gregville, TN 43735",7651.05,Ahmedabad,Gujarat,27.966505,92.633303,triple,4,any,True,True,"cctv,attached_bathroom,power_backup",False,4.5,162,True,4,2025-06-02 12:12:02,2025-06-08 04:55:29
Enough boy beat shake set.,Among on then unit suggest. Group dog religious guess region.,mess,Tiffany Chen,2107423869,paula38@yahoo.com,"4412 Murphy Way Apt. 493, Samuelside, NH 39670",9554.3,Mumbai,Maharashtra,22.129922,92.228822,single,4,any,False,False,"laundry,wifi,ac,security",False,1.1,45,True,5,2025-01-11 15:51:49,2025-04-23 21:20:04
Push among.,Card would matter close film. Power five heavy quite child kitchen garden she.,hostel,Timothy Walton,4468590231,jordanturner@yahoo.com,"55484 Teresa Plain Suite 285, Benjaminside, IN 56049",13672.2,Bangalore,Karnataka,34.206398,69.653937,triple,2,male,False,True,"water,tv",False,3.9,184,True,1,2025-02-14 20:25:09,2025-07-19 07:43:07
Provide specific consider full.,Task leave base be east owner area. Commercial fear that total.,tiffin,Stacey Maldonado,9242541756,vgiles@burke-williams.com,"077 Joseph Land Suite 810, Lake Alexis, MA 73346",2647.9,Delhi,Delhi,32.281097,83.666494,double,4,any,True,False,"meals,study_table",True,2.1,59,True,2,2025-03-13 09:20:41,2025-05-11 00:55:33
Blue leave offer international.,Month form material several race. Skin statement capital scientist. Morning size must.,tutor,Troy Fowler,1306814087,emoore@walker.com,"3798 Schultz Lane Suite 334, Lake Joseville, TX 80664",5049.59,Mumbai,Maharashtra,9.552838,81.54366,triple,4,any,True,False,"housekeeping,geyser,water,wardrobe",False,1.3,108,True,3,2025-01-03 00:27:52,2025-07-30 15:54:59
Part past race third.,Treatment attack attorney cost. Down truth allow will. Force seat sometimes attack head.,pg,Elizabeth Wheeler,5430977155,cynthiathomas@hotmail.com,"USNS Smith, FPO AE 98725",4169.84,Ahmedabad,Gujarat,16.866294,68.473727,triple,2,male,False,False,"water,tv,attached_bathroom,laundry,power_backup,geyser",False,1.3,69,True,5,2025-01-15 04:04:59,2025-07-31 23:37:14
Live attention certain.,Feeling it building machine. Skin every sort action.,tutor,Elizabeth Moody,8892275970,heather13@cruz.org,"66535 Jennifer Inlet, Port Sandra, MD 30218",14111.73,Delhi,Delhi,9.903295,88.824695,quad,2,female,False,False,"attached_bathroom,geyser,wardrobe,ac",True,1.3,155,True,4,2025-02-15 12:27:09,2025-01-11 08:08:23
Democrat question indeed.,Article writer avoid certainly accept over nothing. Should method way store thing seem they.,mess,Michael Cook,7497451664,dgeorge@lee.net,"245 Thompson Flats, South Shannon, ID 08872",13296.97,Bangalore,Karnataka,20.504153,70.44796,double,2,female,True,False,"meals,fridge,housekeeping,security",False,3.5,83,True,1,2025-02-18 16:34:06,2025-06-14 14:51:27
Growth without tough school behind.,Phone author dream notice. Tv million himself mention collection month turn.,tutor,Sherry Williams,8966177247,alee@joseph-banks.org,"4558 Perez Village Apt. 997, Lopezborough, MA 66051",8959.28,Mumbai,Maharashtra,12.807487,82.405493,triple,6,male,True,False,"geyser,power_backup,wardrobe",False,2.8,77,True,2,2025-07-26 16:27:12,2025-02-21 07:56:34
Well church young feel medical.,Yourself with I particularly. Some reduce write name so recently. During close his whose produce.,tiffin,Daniel Bowers,1247451791,jonathan62@yahoo.com,"6565 Madeline Ports, Christopherhaven, RI 37207",13483.27,Hyderabad,Telangana,35.786434,71.3741,dorm,5,male,True,True,"study_table,ac",True,1.8,43,True,4,2025-04-12 21:52:57,2025-08-02 19:16:19
Suddenly arrive study.,Every rather page because.,tutor,Benjamin Taylor,8319318712,cherylgutierrez@yahoo.com,"643 Pham Mountains Suite 339, Lake Mikebury, MD 40301",5355.51,Mumbai,Maharashtra,24.694569,81.337816,quad,1,any,False,True,"attached_bathroom,study_table,laundry,tv,meals",True,4.9,115,True,5,2025-04-05 19:20:58,2025-01-22 22:28:16
Fear itself her.,Wear could she degree people research artist clearly.,hostel,Adam Dennis,6713014405,johnsonmichael@yahoo.com,"081 Matthew Points, Johnhaven, VT 51144",12252.97,Surat,Gujarat,33.922487,68.882515,dorm,2,female,True,True,"parking,fridge,meals",True,3.0,55,True,1,2025-04-17 01:08:23,2025-04-02 10:56:09
Church serious.,Born free beat society doctor something. Develop them teach station staff law.,tutor,Jerry Cooper,4910206895,mcarter@arellano.info,"8784 Martinez Lakes, North Linda, HI 42297",8728.5,Hyderabad,Telangana,27.897261,92.524331,quad,5,any,True,True,"geyser,water,wardrobe,power_backup,ac",False,2.3,71,True,1,2025-07-02 12:55:07,2025-05-23 20:00:33
Laugh among.,Bag chair others next. Increase behavior goal either local head writer.,tutor,Holly Scott,1389826022,steven44@yahoo.com,"955 Jesse Pine Apt. 586, Michelleshire, NY 11273",11975.38,Mumbai,Maharashtra,8.414093,85.305553,quad,4,male,True,False,"power_backup,wardrobe,ac",True,2.3,103,True,1,2025-02-14 18:39:12,2025-04-14 06:18:39
Manage agency blue material such.,Either teacher information. Our rock food. Us girl into star hotel look pay information.,pg,Philip Pollard,7543815336,mary24@ray-wilson.com,"64471 Crystal Mountains Apt. 494, Smithmouth, MO 03315",14932.75,Bangalore,Karnataka,10.286412,96.665252,quad,6,male,True,False,"attached_bathroom,power_backup,parking",False,3.7,121,True,1,2025-06-29 21:46:51,2025-03-15 09:35:40
Each as avoid.,Together improve among. Attention choice ask yourself real test imagine yes.,pg,Crystal Sanchez,1648655825,jacksonshannon@henderson-woods.com,"7877 John Bypass, East Nancy, ND 65145",4759.72,Hyderabad,Telangana,25.680332,95.671323,triple,6,any,False,True,"study_table,meals,tv,cctv,parking,fridge",True,3.6,159,True,3,2025-03-06 06:12:57,2025-01-31 03:01:24
Floor capital idea do next.,Mother new national language mean financial. Woman fact his if issue letter. Wife somebody take.,mess,Lori Beasley,4521662793,vazquezmatthew@gmail.com,"1070 Riggs Fork, Allenfort, IN 50017",14358.68,Chennai,Tamil Nadu,21.811971,83.746493,quad,2,male,False,True,"wifi,water,security,ac,housekeeping,fridge",True,1.7,146,True,1,2025-04-21 22:05:44,2025-02-28 17:27:05
Member commercial rate daughter.,Site including collection account nature rich. Oil six show.,tiffin,Jennifer Suarez,7648741184,sullivantroy@montgomery.com,"1072 Victoria Crossing Suite 475, Alexandriaville, LA 93589",2934.81,Ahmedabad,Gujarat,27.013623,94.133124,dorm,3,female,True,True,"water,security",True,2.9,99,True,2,2025-07-18 01:53:51,2025-01-29 05:16:35
You stay different go.,Offer direction most firm. Move new citizen skin. Ball see fight season.,tutor,Christopher Clark,2925255369,vbaker@hotmail.com,"9491 Bowers Fall Suite 646, Lake Derekchester, CA 57796",6677.45,Chennai,Tamil Nadu,26.150273,91.173011,dorm,2,any,False,False,"power_backup,ac,attached_bathroom,study_table,housekeeping",True,2.7,54,True,3,2025-03-21 07:19:46,2025-02-02 16:07:03
Leg feel partner.,Act training phone bar clearly night. Result create artist window.,tiffin,Robert Snyder,6289968032,donna96@hotmail.com,"02468 Christine Village, Derekville, MS 66257",12931.33,Bangalore,Karnataka,35.081653,82.412133,triple,5,female,False,True,"cctv,security",True,4.4,26,True,2,2025-02-03 10:16:54,2025-07-26 05:08:31
Wish tell.,Street last food bill resource poor nice. Story already want arrive near meet.,pg,Deborah Ellison,3791112537,thernandez@yahoo.com,"53525 Elijah Crossroad Suite 148, South Justin, OH 97572",8001.81,Chennai,Tamil Nadu,13.877345,78.713731,single,2,male,True,True,"housekeeping,power_backup",False,2.0,103,True,4,2025-04-25 15:00:12,2025-03-09 04:45:55
Mr position answer only.,Thousand nor movement by. Manage unit modern then age.,hostel,Joseph Campbell,5805760424,philipguerra@brown.biz,"3313 Debbie Expressway Apt. 103, Mckenzieview, NH 95654",4792.33,Ahmedabad,Gujarat,13.909593,78.382595,quad,3,male,True,True,"water,power_backup",False,1.4,84,True,3,2025-05-20 11:37:36,2025-06-09 03:45:23
Group behavior.,Risk buy pretty as the ten law audience.,hostel,Nicole Hall,4834950241,ericahorn@gmail.com,"29264 Lynn Estate, Lake Cynthiastad, DE 01257",11795.04,Chennai,Tamil Nadu,18.351012,75.119019,double,1,male,False,False,"security,parking,geyser,ac",True,4.0,163,True,2,2025-01-15 17:04:34,2025-07-16 15:39:20
Letter evidence bring.,Whole million school night. Outside story may place.,tutor,Susan Walker,9062486039,zvillarreal@good-martinez.biz,"14040 Abbott Mountains Suite 390, Kylebury, NH 96885",9444.49,Jaipur,Rajasthan,29.037067,89.754684,double,4,any,True,True,"wardrobe,security,cctv,study_table",False,3.1,142,True,1,2025-05-23 07:06:25,2025-04-10 23:33:28
Process others film enough.,Fly analysis such box score TV. Tv after million whatever.,pg,Elizabeth Anderson,8086667504,cassidy10@jackson.net,"USCGC Taylor, FPO AA 45089",4219.33,Hyderabad,Telangana,28.540859,73.738152,single,4,any,False,False,"cctv,parking,tv,security,water",False,3.5,53,True,4,2025-02-16 17:47:32,2025-06-25 19:13:53
Event best environment agent.,Mother establish view stay agency year summer. Radio five early option account man.,mess,Troy Benson,9749070892,jessica23@gmail.com,"57080 Martin Lakes Suite 874, Amyshire, MS 33969",12874.12,Pune,Maharashtra,30.892456,93.805115,single,4,male,True,False,"laundry,study_table,housekeeping,wardrobe,cctv,meals",True,4.3,32,True,2,2025-07-02 15:28:12,2025-03-26 20:11:23
Civil political leave sit fact.,Try drive outside fast type run. Not just development.,tiffin,Jeffery Snyder,9492938280,michael67@yahoo.com,"7735 Maria Meadow Suite 998, New Antonio, HI 13552",12806.3,Kolkata,West Bengal,16.67658,93.816043,triple,4,any,True,False,"wifi,ac,attached_bathroom,cctv,tv",True,3.8,3,True,1,2025-07-05 08:47:12,2025-02-09 06:13:19
Possible mention never.,Deal pattern station agreement ok material that. Almost pressure level off.,tiffin,Dean Sullivan,3975757841,edwardbates@gmail.com,"63007 Smith Viaduct Suite 181, West Brittneystad, CA 94313",14028.01,Chennai,Tamil Nadu,30.544572,72.400561,triple,3,female,False,True,"study_table,fridge",True,1.2,157,True,5,2025-07-28 16:04:41,2025-02-22 19:14:27
Cold team forget federal.,Enjoy difference measure meet prepare. Strong important five state.,pg,Melanie Dyer,0209797182,gcortez@yahoo.com,"Unit 6278 Box 7957, DPO AP 54686",7539.85,Bangalore,Karnataka,13.923697,78.689728,triple,4,female,False,True,"wardrobe,security,tv",False,3.1,107,True,4,2025-02-08 07:56:19,2025-06-25 11:48:02
Represent career age.,Quickly other ok foreign special far. Admit traditional south group do work letter quite.,hostel,Cynthia Nelson,6148995134,johnsonjoseph@gmail.com,"167 Nathan Pike, North Reneebury, NC 43806",4605.11,Surat,Gujarat,17.186586,89.642206,double,1,female,True,False,"housekeeping,meals,study_table,parking,attached_bathroom,power_backup",False,1.5,174,True,3,2025-04-17 21:16:45,2025-07-27 09:00:58
Blood understand type safe.,Story around call me put themselves. Around man less run.,mess,Eric Chaney,0569236072,watkinsjohn@parks-melton.biz,"9141 Brittany Ville, West Amanda, NH 66842",9281.67,Bangalore,Karnataka,18.655557,90.093595,double,5,male,False,False,"laundry,parking",True,4.0,186,True,4,2025-05-05 19:01:27,2025-04-21 11:50:04
Something similar truth on.,War stand leave relate I themselves.,hostel,Michael Rangel,0080913060,bwhite@hill.net,"12734 Michael Courts Apt. 865, East Douglas, CA 72927",12984.14,Pune,Maharashtra,31.024912,75.35443,single,6,any,False,True,"security,power_backup",False,2.5,133,True,4,2025-07-21 11:30:41,2025-04-18 18:50:54
Board item marriage man.,Hour office with decade owner six. Later economic once about trial stage. Drive hard end adult.,pg,Samuel Sanchez,7929025489,frankgarcia@castaneda.info,"61498 Petersen Springs Suite 690, Lake Christophertown, OH 39330",3448.27,Jaipur,Rajasthan,10.940181,73.003257,triple,1,any,True,True,"study_table,housekeeping",True,3.2,140,True,1,2025-06-03 17:30:48,2025-06-23 15:00:06
Enough away.,Budget scientist theory newspaper knowledge stay. Skill Mr note lot decide both.,tiffin,Jeremy Patton,9748625546,ramirezjake@charles.com,"USS Daniels, FPO AP 50304",5929.75,Kolkata,West Bengal,36.007841,75.095781,double,6,male,True,True,"laundry,meals,attached_bathroom,wardrobe,tv",True,4.7,128,True,1,2025-07-20 13:38:02,2025-05-04 22:48:07
Ability really grow theory.,Dark already finally city great. Response land some catch. Field evening one hit land green share.,mess,Allison Johnson,2612082744,bharmon@gmail.com,"1174 Bowen Orchard Suite 918, East John, OH 22672",11056.59,Bangalore,Karnataka,24.779498,94.901249,dorm,6,any,False,False,"water,cctv,ac,wifi",False,4.7,51,True,1,2025-03-28 14:48:46,2025-01-29 21:57:29
Get politics hear husband.,Ask effect interest born. Act bank affect available consider language.,mess,Tyler Nguyen,5466247044,robinsonjonathan@mcbride-george.net,"924 Taylor Courts, Banksfurt, UT 63766",13547.75,Ahmedabad,Gujarat,31.739287,88.491317,single,5,male,True,True,"ac,meals,study_table,water,power_backup,wardrobe",True,3.5,3,True,1,2025-06-18 22:17:54,2025-07-31 12:38:14
Challenge indicate amount sell.,Not treat present cost pass there. Fast window now give technology environmental list.,hostel,Melissa Lara,3990195993,michaelsmith@johnson-clark.com,"2340 Perez Walk, North Bryan, TN 72059",3940.55,Kolkata,West Bengal,20.283876,92.632362,triple,3,any,False,True,"ac,housekeeping,wardrobe,attached_bathroom,geyser,study_table",False,1.3,21,True,5,2025-03-16 17:48:48,2025-05-27 19:38:05
Land relationship.,Analysis happen cover. Option marriage sure fly animal present. Race others painting.,pg,Lisa Sanchez,6509592769,harrisanthony@yahoo.com,"3265 Donald Forks Apt. 896, South Whitney, NV 68306",12295.52,Chennai,Tamil Nadu,19.571752,78.704841,single,5,any,False,True,"parking,fridge,security,housekeeping",True,2.6,51,True,5,2025-01-11 05:09:46,2025-01-22 00:45:19
Against yourself fund.,Hospital nature similar allow. Book stuff pick measure knowledge successful test.,mess,Christopher Hudson,8148101259,ssmith@huerta-gonzalez.com,"6702 Marks Cape Suite 093, East Carol, UT 47255",11080.97,Jaipur,Rajasthan,22.275654,80.975723,single,6,female,True,True,"cctv,study_table,wifi,laundry,water",False,3.5,116,True,1,2025-05-29 21:09:05,2025-01-26 00:32:23
Industry together tax group country.,Road where month. Wish right eight seem traditional turn. Rule act those official.,pg,Shawn Hernandez,7570780034,esmith@yahoo.com,"081 Joyce Squares, Yolandabury, NH 04218",8711.91,Delhi,Delhi,20.245261,68.979705,triple,1,female,True,True,"power_backup,attached_bathroom,fridge,geyser",False,4.2,37,True,2,2025-03-06 18:00:08,2025-07-11 05:48:01
Around similar stay assume.,Of remember into voice friend. Best serve despite. Son class against most worry.,tutor,David Ward,8114648450,allentammy@reynolds.com,"24588 Richard Island, Anthonyfort, NE 57388",3254.15,Hyderabad,Telangana,8.383404,88.285258,triple,5,female,True,True,"study_table,cctv,attached_bathroom,meals,power_backup",False,1.3,186,True,3,2025-02-03 08:37:32,2025-01-19 18:50:41
Test wait space.,Second particularly where. Season share run factor other keep.,pg,Damon Hull,6902814000,alicia04@gmail.com,"18257 Courtney Track, North Karenview, ND 59865",5510.34,Surat,Gujarat,24.46437,81.955787,double,1,male,True,True,"tv,cctv,ac,power_backup,geyser",False,3.3,94,True,2,2025-02-09 07:40:09,2025-03-01 06:51:28
Relationship rise back.,Main fine current anything evidence. Head as six can.,mess,Edward Richardson,6021020521,christian75@gmail.com,"015 Megan Plaza Apt. 459, East Lauramouth, MD 49369",14825.11,Surat,Gujarat,21.539531,73.217567,triple,1,any,True,True,"ac,cctv",False,1.4,81,True,4,2025-01-29 02:33:56,2025-05-09 18:06:34
Management off gun.,Discussion garden economic ten run next. Positive trial reality a positive state age.,tiffin,Stephen Dixon,1474816946,jonesstacy@johnson.biz,"14679 Jacobs Groves, North Timothy, MI 36231",2681.65,Kolkata,West Bengal,25.485216,86.54789,triple,1,female,True,True,"power_backup,security,parking",True,3.8,186,True,4,2025-02-26 14:41:22,2025-07-07 11:15:33
Team glass career.,That thought white also perhaps agency. Really worker physical.,hostel,Matthew Roberts,5986704000,morganfelicia@yahoo.com,"608 Bishop Pass Apt. 708, Haynesfurt, VT 65565",7475.24,Jaipur,Rajasthan,12.582752,74.615434,double,2,female,False,False,"cctv,tv,power_backup",False,4.1,31,True,2,2025-01-12 20:52:41,2025-01-20 09:34:41
Share test nice scientist design.,Space son drug there challenge report message. But film natural enter charge.,hostel,Victor Smith,7769401158,mford@parks-jones.com,"9773 Simmons River Apt. 884, Johnfurt, NY 26928",8669.18,Delhi,Delhi,24.330974,69.633341,dorm,2,female,False,False,"tv,fridge,cctv,meals,housekeeping,power_backup",True,2.0,65,True,1,2025-01-30 19:10:07,2025-03-23 15:12:02
Leader walk interesting sell.,Kid ago blood thing character buy. Former born leave.,tutor,Sara Sanchez,8436627199,youngjessica@yahoo.com,"907 Porter Knoll Suite 589, New Danielville, WV 46786",8585.1,Mumbai,Maharashtra,25.280384,82.630575,dorm,4,any,False,True,"water,cctv,study_table,laundry",True,2.1,188,True,5,2025-05-13 02:17:10,2025-07-16 08:54:55
Month fill manager.,Wall fill nation action. Citizen force evening miss than I day kind.,tiffin,Jeffrey Williams DDS,8008328316,michael22@martinez.com,"5105 Franklin Curve Apt. 621, New Gregoryview, NY 59058",7553.82,Ahmedabad,Gujarat,19.828302,89.858417,quad,5,male,False,True,"wifi,ac,parking,fridge,wardrobe,tv",False,1.7,54,True,3,2025-04-11 19:44:17,2025-03-19 13:55:24
Seat source should.,On executive response vote data movement. Physical value reveal entire.,hostel,Rodney Torres,4396683608,hollandjoshua@jones.com,"8150 Patterson Meadow, Port Stephanie, MN 36078",12132.5,Ahmedabad,Gujarat,10.765279,92.340849,single,1,any,False,True,"wifi,geyser,meals,fridge,parking",True,2.8,150,True,2,2025-03-19 10:49:49,2025-01-04 09:27:32
Actually tough detail.,Seem environment himself. Option sign most assume page point it.,tutor,Gregory Cruz,3353416434,codyrivera@green-blackwell.com,"918 Eugene Lane, Campbellmouth, MA 36273",10726.77,Chennai,Tamil Nadu,21.014245,88.887397,triple,5,any,False,False,"housekeeping,attached_bathroom,tv,wardrobe",False,3.5,200,True,5,2025-03-15 06:09:31,2025-01-04 13:13:38
Reach involve daughter.,Mother five expert fund your two. Trip player administration material parent wait wish almost.,pg,Brian Alexander,1584110175,urios@weber.com,"7307 Conley Spring Suite 949, Strongview, MA 02589",11569.93,Mumbai,Maharashtra,25.254895,75.002145,double,6,female,True,False,"study_table,power_backup",False,1.8,113,True,3,2025-05-17 11:24:23,2025-05-20 00:10:30
Argue bring each.,Impact science somebody over walk series walk. People mean about game language with.,mess,Thomas Martinez PhD,8539947479,isabelladavis@yahoo.com,"7099 Kelly Roads, Dixonfort, FL 11559",7332.91,Chennai,Tamil Nadu,33.29416,82.336283,quad,2,female,True,True,"water,wifi,laundry,tv,attached_bathroom",False,3.8,181,True,5,2025-02-25 23:22:15,2025-02-23 10:11:39
Decade series measure.,Science myself level imagine feel. Personal charge interesting cell alone huge.,pg,Tracy Morales,1624072776,joshuaoconnor@hansen-pham.com,"179 Stevenson Island Suite 046, Port Trevorberg, TN 19729",6859.88,Delhi,Delhi,17.840561,78.837748,double,6,any,False,False,"housekeeping,parking,ac,wifi",True,4.2,100,True,1,2025-01-02 07:13:53,2025-05-16 03:15:47
Take as.,Eye new popular land. Yet most forward feeling cell property bank.,hostel,Donna Sanders,0228268378,pwalls@scott-mendez.com,"97641 Cassandra Glen, Leahton, DC 24079",5842.95,Bangalore,Karnataka,21.99819,81.493791,triple,3,any,True,False,"ac,meals",False,2.0,24,True,1,2025-02-08 15:16:23,2025-05-04 18:55:34
Arm would.,Mrs father soldier artist personal lay. Why modern everything professional unit degree.,pg,Zachary Gates,7813722139,amycarter@yahoo.com,"19020 William Turnpike, Gregoryborough, CA 57084",8696.95,Ahmedabad,Gujarat,14.539544,83.567437,double,4,any,False,True,"wifi,meals,ac,laundry",False,3.8,91,True,1,2025-05-08 23:01:11,2025-04-28 10:15:53
Talk office know.,"But here college billion.
If street surface. Thought system Democrat record anyone edge.",mess,Jacob Wilkins,6090007467,kimweaver@gmail.com,"9563 Michael Roads, Josephmouth, VA 32617",6914.23,Pune,Maharashtra,16.442234,91.340671,quad,4,male,True,True,"housekeeping,parking",False,3.7,141,True,1,2025-06-14 02:40:21,2025-04-24 15:13:41
Man example end.,Million which word involve purpose fund.,hostel,Melissa Sandoval,6192067568,kmoore@hotmail.com,"349 Kristen Mountains Apt. 256, West Sarahfort, MO 89964",13330.22,Surat,Gujarat,21.739674,85.082553,triple,3,male,False,False,"water,cctv,housekeeping",True,4.9,54,True,2,2025-03-04 14:13:27,2025-04-18 17:43:42
Clearly information value address.,"Play exactly task easy. Worker health apply usually.
Oil off Republican or.",mess,April Schmidt DVM,4353373801,anthonymann@stanton-brewer.net,"5365 Aguirre Lights Apt. 787, Perkinsfort, NE 01330",5181.57,Delhi,Delhi,26.78166,82.798034,dorm,4,any,True,True,"parking,wardrobe,tv,laundry",False,4.4,187,True,1,2025-02-18 01:25:06,2025-07-13 10:06:39
Government letter responsibility.,In table interesting travel debate political method. Part ball line loss science.,tiffin,Elijah Luna,5681434932,lesliewood@peters.com,"200 Wiggins Ridges Apt. 061, Daleton, MO 87205",6043.65,Pune,Maharashtra,29.061528,69.249066,double,4,male,False,True,"security,housekeeping",True,3.3,105,True,4,2025-07-17 15:20:54,2025-03-24 17:37:40
Environment page reach.,Early east authority ask share. Indicate dinner parent and bad allow woman.,mess,Ryan King,6694063631,fhunter@hotmail.com,"38372 Salazar Turnpike Apt. 424, Lake Tinafort, CT 34046",13788.44,Bangalore,Karnataka,33.764945,92.011635,double,4,male,True,False,"parking,ac,tv,meals,wifi",True,3.9,99,True,1,2025-07-08 19:18:40,2025-06-20 02:04:03
Pretty against traditional.,Better add training nation nation. Public of everything.,tiffin,Cheryl Leonard,5232724409,colindaniels@valencia.info,"68895 Crystal Trail Suite 690, Jesseport, WY 85459",11036.96,Hyderabad,Telangana,26.760898,81.101166,quad,2,any,True,False,"attached_bathroom,wifi,study_table,power_backup,geyser",True,3.8,111,True,3,2025-01-01 00:11:31,2025-04-20 04:05:47
Section include.,Plan leave magazine doctor rich whether.,mess,Tyler Bush,0602624131,lampamela@hart-alvarez.net,"410 Brown Fall Suite 680, New Edwinside, WI 57149",10187.76,Bangalore,Karnataka,21.872004,68.468767,dorm,2,male,True,False,"power_backup,security,attached_bathroom,tv,parking",False,1.3,82,True,1,2025-05-04 15:48:51,2025-02-15 01:11:50
Small beautiful fact.,So like trial spring fight. Clear provide lawyer piece peace sit treat rich.,mess,Jill Payne,3502732906,jessicaprice@medina.com,"PSC 8810, Box 1626, APO AP 60062",4197.24,Bangalore,Karnataka,20.441216,90.451361,quad,5,male,True,True,"parking,laundry,fridge,attached_bathroom,tv",False,1.7,152,True,1,2025-06-28 00:46:13,2025-01-31 22:36:57
Image head option probably thus.,Difficult this argue commercial. Amount reason crime per so TV system.,tutor,Robert Lowe,7382580426,wjohnson@yahoo.com,"4292 Katie Garden, Port Matthew, NM 20130",11342.71,Jaipur,Rajasthan,34.428372,71.334865,dorm,2,male,True,False,"attached_bathroom,water",True,4.9,15,True,4,2025-07-23 23:53:26,2025-05-27 13:12:04
Sea economy administration expert none.,Mrs term despite page. Say window protect brother. Me pattern within last. Music information by.,hostel,Kayla Conway,9631298904,andersonmelissa@yahoo.com,"413 Tiffany Corner, South Garytown, ID 29249",5181.04,Kolkata,West Bengal,24.430648,72.109013,quad,4,any,True,False,"fridge,geyser,ac,housekeeping",True,3.1,34,True,3,2025-04-15 23:57:25,2025-08-03 17:24:26
Perform detail new.,Pm stop decision young question system. Question pull seek partner father up.,tutor,Jorge Swanson MD,5525738339,daniel54@perkins-martin.info,"39917 Beck Trafficway, Garciafurt, WA 59274",13482.17,Bangalore,Karnataka,31.635621,68.639673,single,5,male,False,False,"security,study_table,power_backup,housekeeping",False,1.1,103,True,5,2025-02-04 20:15:49,2025-01-04 20:05:55
Spend near.,Imagine party early talk world along rock. Not lose claim fall evidence feeling.,mess,John Thompson,9683224848,kevinmartinez@nichols-skinner.com,"78894 Dalton Island, Lauraville, SD 76200",8868.91,Mumbai,Maharashtra,31.554551,76.007318,quad,4,any,False,False,"attached_bathroom,ac,meals,water,tv,parking",False,3.6,167,True,2,2025-04-08 21:57:57,2025-01-23 15:06:14
This remember long world PM.,Within really than start certainly finish. Write conference past tax some.,hostel,Michael Rowland,5807143582,pharding@hotmail.com,"6365 Burgess Row, North Paul, WA 28464",5150.58,Chennai,Tamil Nadu,33.632149,83.420712,quad,4,female,False,False,"ac,water",True,4.9,164,True,4,2025-07-25 05:18:42,2025-08-03 05:40:21
Job word particularly.,East response leave article case cost image. Eight with look. Wish wish attention action.,hostel,Justin Foster,5429008828,qhill@gmail.com,"304 Carmen Fall, Alanshire, WV 63022",4012.34,Jaipur,Rajasthan,25.505029,86.802379,quad,5,female,False,True,"meals,ac,attached_bathroom,water,laundry",False,3.1,18,True,5,2025-05-08 01:21:19,2025-03-28 19:55:17
Drug check itself generation.,"Role wind home leave respond degree.
Attack house thank despite later.",hostel,Carolyn Nguyen,0263527031,chambersashley@hotmail.com,"3164 Brian Keys Apt. 857, Thomasmouth, MD 95206",5207.97,Bangalore,Karnataka,19.81093,73.695842,double,5,male,True,False,"laundry,housekeeping,ac,parking",False,4.0,161,True,4,2025-01-23 11:17:14,2025-06-23 14:55:00
Happy night.,Building where himself about offer policy. Despite writer fly yard trip mention ground.,pg,Angel Phelps,0094615527,farmersarah@hotmail.com,"67406 Stephanie Burg Apt. 700, Cohenside, NV 89593",6602.34,Kolkata,West Bengal,18.620039,71.049275,single,6,any,False,True,"ac,laundry,fridge",False,2.5,62,True,2,2025-06-15 01:14:23,2025-01-10 21:01:36
Including effort eye thought sense.,Relate no agreement. Sport long half line view.,mess,Sandra Torres,8750308379,patrickhoward@hotmail.com,"95439 Mcintosh Flat, Arnoldbury, SD 16207",3159.95,Pune,Maharashtra,25.97194,79.931383,single,6,any,True,True,"attached_bathroom,housekeeping,fridge,wardrobe",True,2.1,102,True,2,2025-01-20 08:05:27,2025-04-23 03:13:50
Program body central.,Security police science difference. After will trouble one drug.,hostel,Vanessa Cooper,3731085011,asimmons@yahoo.com,"37873 Anthony Viaduct, Annechester, MT 50329",5129.93,Ahmedabad,Gujarat,25.535071,90.885973,dorm,2,any,False,False,"meals,parking",True,2.7,73,True,5,2025-05-18 19:03:19,2025-05-09 21:26:59
Hot hit expert.,Level range law build able mission pass itself. Surface nor room good.,hostel,Kevin Maldonado MD,9155293166,rosarioalejandra@yahoo.com,"3213 Price Harbors Suite 627, East Brian, AZ 54669",6552.71,Mumbai,Maharashtra,14.087182,76.772922,triple,5,male,True,True,"fridge,tv,meals,cctv,attached_bathroom,study_table",True,1.8,125,True,1,2025-03-21 08:33:28,2025-03-31 07:44:44
Study agree health.,Cell painting both who reality surface smile. Scene high quality small memory various.,mess,Jennifer Griffin,4012349989,caleb93@hill.biz,"818 Hunt Shore Apt. 248, Port Tanner, NH 04818",4096.49,Kolkata,West Bengal,9.61065,83.802558,double,6,male,False,True,"attached_bathroom,wardrobe,water,study_table,power_backup",False,1.2,49,True,1,2025-07-15 23:11:26,2025-04-21 14:21:24
Place effort.,Answer education create apply something. Much event skill technology special floor theory easy.,hostel,Ian Baldwin,6866831986,flemingalejandro@bowen.net,"95405 Lam Land Apt. 428, Freemanmouth, TX 40308",12134.68,Pune,Maharashtra,11.780083,76.654658,single,4,female,True,True,"geyser,parking,housekeeping,attached_bathroom,ac,wardrobe",True,3.9,192,True,4,2025-02-22 00:48:35,2025-02-26 05:47:16
Line car lead.,Stage person born parent too head commercial. Leg improve policy tough main.,tiffin,Marisa Charles,1035104944,pmorrison@thompson-schultz.biz,"34678 Gibbs Cliffs Apt. 211, Debrastad, MO 65849",13885.59,Surat,Gujarat,19.106988,73.730338,double,1,male,False,True,"power_backup,tv,ac,meals",False,4.8,46,True,5,2025-02-24 01:07:01,2025-03-16 02:27:19
Life form.,Listen skin floor give their vote.,hostel,Collin Mcguire,9300178897,nwatson@mccoy.biz,"799 Meyer Extensions, East Kimberly, CO 25614",2005.0,Bangalore,Karnataka,16.248616,91.154406,single,4,male,False,True,"security,wifi,attached_bathroom,geyser,fridge,study_table",True,1.1,177,True,2,2025-08-07 16:58:24,2025-06-10 05:05:35
This side choose perhaps.,Son PM south no cost. Something color before century not center.,pg,Michael Farrell,6800550412,dawn02@lam-williams.com,"119 Morgan Harbor, New Anna, FL 59674",3515.71,Delhi,Delhi,35.447876,89.165619,triple,5,any,True,True,"tv,power_backup,cctv,fridge",False,4.4,86,True,3,2025-01-14 16:41:23,2025-04-02 16:10:01
Visit hundred no community blood.,Others save hot tough. Brother door event.,tiffin,Donald Thompson,0121744023,johnramos@gmail.com,"USCGC Miller, FPO AP 86286",3534.96,Chennai,Tamil Nadu,32.454638,95.189479,double,1,any,False,False,"laundry,cctv",False,2.2,107,True,3,2025-03-19 19:22:04,2025-04-02 04:01:10
Rock near car.,Parent charge site range theory. Surface common surface Congress. Seven allow region father.,hostel,Travis Brock,4213431988,angelicasmith@gmail.com,"59419 Graham Prairie Apt. 795, North Elizabeth, WI 16125",14260.0,Bangalore,Karnataka,31.95393,95.091324,quad,5,female,True,False,"parking,study_table,fridge,power_backup",False,1.6,65,True,3,2025-08-04 01:37:53,2025-05-21 23:06:58
Like involve inside.,Evidence old century minute. Instead face six network total surface.,tutor,Robert Todd,7662043074,qjones@watkins.info,"7486 Vasquez Causeway, Hollandburgh, VA 23054",2717.5,Hyderabad,Telangana,36.374884,88.249043,double,4,female,True,False,"meals,geyser,ac",False,4.7,20,True,4,2025-02-25 12:19:54,2025-03-05 22:44:35
Exist player fund.,Must right might increase east protect. Road sure film reflect.,mess,Carla Walton,3860001048,vazquezyesenia@hotmail.com,"7145 Erika Bridge Suite 878, East Jeremiahfurt, IA 96805",6503.27,Mumbai,Maharashtra,36.587893,80.855545,single,4,female,True,True,"power_backup,security,fridge,parking,ac,study_table",True,1.4,18,True,2,2025-03-17 00:32:11,2025-07-02 08:34:12
Mr success than.,Old perhaps subject. Dark health inside second hair idea social.,hostel,Brian Woodward,9765516706,fkemp@lee.biz,"78030 Gary Hill Suite 271, East Matthew, AK 19646",12913.4,Kolkata,West Bengal,27.234201,77.111807,dorm,3,any,False,True,"study_table,cctv,power_backup,housekeeping",True,4.1,26,True,3,2025-01-11 06:29:48,2025-07-19 03:04:46
Bag network.,Service front grow perform green. Responsibility month go benefit hard animal particular past.,tutor,Robert Mcguire MD,4265623469,osborneerika@andrews.com,"40470 Brandon Union, Staceyberg, OH 40757",7400.88,Kolkata,West Bengal,32.379969,88.608155,quad,5,any,False,False,"wifi,laundry,meals,housekeeping",True,1.3,108,True,4,2025-03-01 21:02:02,2025-07-27 02:54:18
Season fill my edge according.,Citizen situation important miss none instead left. Trade score development south.,tiffin,Angela Murphy,0156838406,james85@hotmail.com,"756 Anna Rapids Suite 281, New Connorshire, NY 90192",8169.76,Surat,Gujarat,33.368067,72.588846,single,2,any,False,False,"security,meals,laundry,cctv,parking",False,2.9,44,True,4,2025-02-14 01:49:26,2025-01-17 22:09:43
Property success major college art.,"Old control statement purpose change. Tough water forward claim statement.
Yes wish cup standard.",tutor,Troy Lane,2095286710,michael78@davis.com,"69991 Moore Camp Apt. 988, New Randy, UT 70876",10775.8,Hyderabad,Telangana,29.590846,91.0949,triple,1,female,False,False,"fridge,parking,housekeeping,wifi,power_backup",False,1.9,186,True,2,2025-01-28 09:33:07,2025-02-04 00:05:23
Nice there fear decide.,Ahead Republican between arrive. Since including stand.,pg,Nicholas Snyder,3890528839,jonathan81@hotmail.com,"606 Smith Mountains Apt. 647, East Kelsey, RI 58126",13053.21,Jaipur,Rajasthan,22.925767,90.104963,quad,5,any,False,True,"cctv,fridge,wifi,laundry",True,3.2,163,True,5,2025-05-16 12:08:32,2025-01-05 02:24:19
Address allow very.,Design military hour term successful financial thus deal. Relate environmental third.,pg,Andrew Douglas,6367354911,newtonkatherine@henderson.com,"6100 Johnson Fords Suite 924, West Johnburgh, PA 16142",3778.98,Chennai,Tamil Nadu,26.799288,71.344141,single,4,any,True,False,"tv,wardrobe,fridge,laundry",False,2.3,32,True,1,2025-03-11 18:56:03,2025-07-18 07:11:36
Sing field difficult kind.,Top position agreement surface. Loss deal today land response.,hostel,Ryan Spencer,3419960968,hillanna@henderson.com,"9427 Allen Flats Apt. 527, North Benjamin, AK 27898",7045.09,Hyderabad,Telangana,9.06891,83.816673,triple,2,any,True,True,"geyser,housekeeping,ac,water,security",False,1.5,196,True,2,2025-04-17 03:51:37,2025-06-16 14:35:31
Easy better likely.,Skin writer outside. Result suffer direction. According floor certain ago share.,tiffin,Brian Rogers,4439803255,salazarlouis@hotmail.com,"449 Charlotte Skyway Apt. 030, Paulbury, UT 43436",2110.94,Jaipur,Rajasthan,11.391224,84.326042,quad,1,male,True,True,"ac,wardrobe,power_backup",False,2.5,194,True,2,2025-04-10 06:13:25,2025-01-17 06:19:20
Evidence bank interesting name.,Wear Democrat build which.,tiffin,Rachel Butler,6910901719,shartman@yahoo.com,"482 Lopez Island Apt. 140, Lake Steventon, IL 10050",11654.33,Ahmedabad,Gujarat,17.254614,93.032074,triple,3,male,False,False,"security,wifi,parking,power_backup",False,4.1,10,True,1,2025-08-07 15:11:24,2025-06-07 03:42:25
Position military story human enough.,Save suggest wide really. Stand outside degree wide should. But strategy ground group drop.,hostel,Vanessa Kane,5409247903,jstevens@hotmail.com,"26884 Marshall Lakes, Murphytown, WV 25159",5179.44,Kolkata,West Bengal,35.789709,86.164423,triple,4,female,False,False,"cctv,geyser,laundry,housekeeping",False,1.6,87,True,3,2025-07-12 15:35:20,2025-03-28 06:41:31
Office off.,Technology understand behavior. Public how pressure view half. Machine someone campaign crime.,tiffin,Nathan Ruiz,6456127465,kathleen76@alexander.com,"22537 Long Curve Suite 248, Schultzburgh, SD 33918",3199.27,Jaipur,Rajasthan,26.017613,71.297409,dorm,2,male,False,True,"cctv,water,wardrobe",False,4.4,88,True,3,2025-06-25 04:16:16,2025-06-01 11:21:11
Enough down structure knowledge top.,Stage realize chair. Democrat free whether record.,pg,Chase Weaver,9212929838,lscott@gmail.com,"USNS Lyons, FPO AP 58361",12058.46,Delhi,Delhi,26.018737,90.436997,quad,2,any,True,False,"ac,meals,study_table,wifi",False,3.9,175,True,4,2025-07-11 14:16:25,2025-05-13 10:25:08
Happy girl what.,Heavy soldier Congress yes. Whatever reveal ball could parent.,hostel,Terry Green,3353396270,qgonzalez@hotmail.com,"8086 Henry Row Suite 616, Lake Sheila, WI 06227",14243.55,Jaipur,Rajasthan,34.68036,91.093853,double,6,male,True,True,"geyser,wifi",False,3.7,68,True,3,2025-03-11 12:53:14,2025-01-30 11:12:50
Chance pattern project.,Threat discover others. Example dark couple with music seat. Relate indicate challenge less.,tiffin,Daniel Williams,2286903212,jonathanwilson@hotmail.com,"6004 Torres Dale Apt. 310, Cannontown, SD 75629",11119.3,Mumbai,Maharashtra,16.586566,74.219164,double,4,any,False,False,"attached_bathroom,fridge",True,1.2,136,True,5,2025-06-19 13:53:42,2025-07-14 23:09:45
Give sign.,Cover former me. Focus send cost face issue. Off night protect lose surface third protect south.,tiffin,Hannah Bailey DVM,6328581239,kristophergibson@yahoo.com,"PSC 4621, Box 7183, APO AE 92340",6457.63,Jaipur,Rajasthan,9.063015,71.702627,single,2,male,True,True,"fridge,water,study_table,laundry",False,3.9,171,True,2,2025-03-07 07:56:22,2025-01-11 02:05:36
Keep air reveal.,Box issue management response those full. Those church glass address feel coach poor.,pg,Amanda Austin,2527845612,moorekelly@nelson-luna.org,"36078 Dustin Corner, North Michaelfurt, AR 54268",8967.51,Delhi,Delhi,17.073241,88.742875,double,4,any,True,True,"meals,fridge",True,4.7,123,True,2,2025-04-03 06:01:00,2025-06-27 15:52:04
Good real miss worker.,Leader performance sell character reveal too. Pattern help physical note school fall picture.,hostel,Jared Smith,9699150472,xherman@wolfe.com,"8712 Tiffany Pine Apt. 781, Jacobborough, LA 59359",5407.2,Chennai,Tamil Nadu,19.268876,82.091607,single,6,male,True,True,"cctv,wardrobe,meals,laundry,power_backup,geyser",True,2.5,63,True,4,2025-03-05 11:36:40,2025-04-30 01:49:47
Perform future myself everyone simply.,Discussion could why should. Key billion response wide no break card.,mess,Erika Solomon,1575457679,james57@fox.info,"0933 Young Lock, South Jenniferhaven, DC 11092",13462.27,Pune,Maharashtra,29.206108,84.389791,triple,4,female,True,False,"water,housekeeping,parking",False,2.7,86,True,5,2025-02-01 23:30:58,2025-04-30 19:42:20
Get thus here.,Color happen network firm against better. Whether history agreement gas.,tutor,Ryan Smith,8355187946,katiereynolds@gonzales.info,"3827 Allison Plaza, Burkehaven, KY 80399",5678.1,Surat,Gujarat,22.724526,94.506137,dorm,5,female,True,False,"ac,fridge,study_table",True,4.4,28,True,1,2025-05-31 00:15:37,2025-03-04 02:47:26
Rather too subject.,Our life nation hundred affect change. Project so resource.,tiffin,Mr. Dean Smith,7404786280,william30@valenzuela.com,"65325 Joseph Cliff Apt. 338, East Joshualand, CT 42124",11202.02,Surat,Gujarat,33.605589,79.871893,dorm,2,male,False,True,"geyser,fridge",True,2.2,22,True,3,2025-01-17 21:23:22,2025-02-19 23:27:16
Figure apply rate order kid.,General cultural police agency. Send process face energy indeed. Much bag Mrs person sign letter.,tutor,Kimberly Cole,7713564621,loriadams@hotmail.com,"3478 Michael Village Suite 004, Aguilarshire, RI 15771",14801.65,Chennai,Tamil Nadu,11.909904,82.689899,single,5,any,True,False,"ac,wifi,laundry,cctv",True,2.0,88,True,1,2025-04-25 00:09:58,2025-02-27 22:33:41
Matter spring tend chair focus.,Center least there there conference difference. Plant science style memory list book third.,hostel,Karen Banks DVM,3978998116,udiaz@hotmail.com,"5550 Jennifer Green Suite 124, Kristenport, WV 64661",2587.26,Kolkata,West Bengal,23.475612,72.488235,single,1,male,False,True,"laundry,tv,cctv,wardrobe,attached_bathroom,study_table",False,1.6,168,True,2,2025-02-27 14:55:44,2025-07-22 07:50:18
Rather property share down.,Cost teach ball middle culture. Act mind series art board share. Information return camera score.,pg,Karen Brewer,4171962719,adamdickerson@guerrero-castillo.com,"9898 Jones Field Suite 049, Nicoleport, TN 45687",4790.73,Ahmedabad,Gujarat,26.42566,68.479975,double,5,any,False,True,"housekeeping,wardrobe,ac,meals,wifi,cctv",True,2.1,2,True,5,2025-07-09 03:48:23,2025-03-28 19:36:52
Collection his tonight daughter.,Floor green fast. Term character brother. Form budget Congress out lay candidate over.,mess,Michael Choi,2773352733,phillipsheidi@hotmail.com,"1983 Smith Crescent, North Mark, VA 96672",7820.25,Kolkata,West Bengal,27.074714,84.974687,quad,4,any,True,False,"wifi,geyser",False,5.0,97,True,2,2025-02-05 20:35:39,2025-04-25 06:06:21
Kind animal skin.,Nearly suggest either eat miss. At sport work TV mother admit live oil.,tiffin,Stephanie Reynolds,9144572703,gochoa@gmail.com,"9630 Sue Mews Suite 599, West Alexandria, NJ 24865",2248.04,Chennai,Tamil Nadu,33.509331,94.480911,quad,1,female,True,True,"security,attached_bathroom,laundry,parking",True,3.5,39,True,3,2025-02-05 20:07:47,2025-06-14 16:33:37
Language course today officer.,Unit appear mean treatment support place. Wind can fight education fear thing.,hostel,Gina Robertson,0094479831,gdavidson@wade.com,"629 Lee Prairie Suite 732, East Carlosborough, PA 37207",10946.25,Ahmedabad,Gujarat,22.04852,81.416636,dorm,2,any,False,False,"laundry,cctv,security,water,tv",True,3.6,56,True,5,2025-06-18 17:47:23,2025-01-11 21:41:18
Actually dog bad.,I participant speech including. Cultural wife cause picture. Person draw brother plant against.,mess,Harold Rodriguez,5704319795,harmonreginald@gmail.com,"7237 Alex Meadows, Hicksland, VA 72467",12507.92,Mumbai,Maharashtra,11.734679,82.663873,double,1,any,True,False,"water,cctv",False,1.5,148,True,5,2025-04-26 23:17:45,2025-01-01 04:41:47
Majority night.,Pretty dog first true senior research light. Serious or seven serve happy share unit.,hostel,Marcus Baldwin,0036152367,afarrell@moore-ward.com,"5838 Kirby Shores, New Teresa, KY 74194",13574.86,Delhi,Delhi,13.418565,88.253672,double,6,male,True,False,"tv,parking",False,1.8,62,True,4,2025-05-21 15:20:24,2025-01-29 19:07:15
Toward pretty foot show.,Together plant day social perform than. Crime special more fly mention story.,tutor,Stephanie Mcfarland,0792831556,phughes@rodriguez.biz,"USNV Ellis, FPO AP 14454",8857.51,Jaipur,Rajasthan,11.911657,90.485098,single,2,any,False,False,"meals,study_table",False,3.3,120,True,5,2025-01-01 02:57:41,2025-05-20 16:43:04
Beat nation gun.,Space perhaps democratic edge not themselves nearly. Shake page pay southern.,mess,Richard Green,5328739078,claythomas@james.com,"42249 Bryant Motorway Apt. 500, East Gerald, ID 61858",4363.92,Ahmedabad,Gujarat,9.718217,87.014956,single,5,female,False,True,"geyser,housekeeping,tv,fridge,security",False,2.1,183,True,5,2025-04-04 10:12:29,2025-08-06 12:56:34
